[{"model": "account.profile", "pk": 7, "fields": {"user": 7, "date_of_birth": "2007-05-19", "photo": "users/John/avatar/john.jpg", "city": null}}, {"model": "account.profile", "pk": 8, "fields": {"user": 8, "date_of_birth": "1990-03-20", "photo": "users/sam/avatar/sam_4RkCp9P.jpg", "city": null}}, {"model": "account.profile", "pk": 9, "fields": {"user": 9, "date_of_birth": "1987-03-01", "photo": "users/kennedy/avatar/frank.jpg", "city": null}}, {"model": "account.profile", "pk": 10, "fields": {"user": 10, "date_of_birth": "1992-01-23", "photo": "users/dayana/avatar/dayana.jpg", "city": null}}, {"model": "account.profile", "pk": 11, "fields": {"user": 11, "date_of_birth": "1988-04-10", "photo": "users/jess/avatar/jessica.jpg", "city": null}}, {"model": "account.publicstatus", "pk": 6, "fields": {"owner": 7, "status_text": "Carpe diem.", "created": "2021-12-08T07:35:13.611Z", "updated": "2021-12-09T10:41:38.015Z"}}, {"model": "account.publicstatus", "pk": 7, "fields": {"owner": 8, "status_text": "A cane non magno saepe ingens aper tenetur.", "created": "2021-12-08T07:35:50.794Z", "updated": "2021-12-08T07:45:48.866Z"}}, {"model": "account.publicstatus", "pk": 8, "fields": {"owner": 9, "status_text": "I am really Kennedy =)", "created": "2021-12-08T07:36:37.681Z", "updated": "2021-12-09T10:58:05.781Z"}}, {"model": "account.publicstatus", "pk": 9, "fields": {"owner": 10, "status_text": "Amor vincit omnia.", "created": "2021-12-08T07:37:51.378Z", "updated": "2021-12-09T10:55:09.489Z"}}, {"model": "account.publicstatus", "pk": 10, "fields": {"owner": 11, "status_text": "\"In absentia lucis, Tenebrae vincunt.\"", "created": "2021-12-08T07:38:41.644Z", "updated": "2021-12-09T10:49:43.539Z"}}, {"model": "posts.post", "pk": 2, "fields": {"profile": 8, "body": "A probis probari, ab improbis improbari aequa laus est.", "created": "2021-12-08T07:45:58.980Z", "updated": "2021-12-08T07:45:58.980Z", "active": true}}, {"model": "posts.post", "pk": 3, "fields": {"profile": 8, "body": "Ab aqua silente cave.", "created": "2021-12-08T07:46:08.686Z", "updated": "2021-12-08T07:46:08.686Z", "active": true}}, {"model": "posts.post", "pk": 4, "fields": {"profile": 8, "body": "Acceptissima semper munera sunt, auctor quae pretiosa facit.", "created": "2021-12-08T07:46:28.487Z", "updated": "2021-12-08T07:46:28.487Z", "active": true}}, {"model": "posts.post", "pk": 6, "fields": {"profile": 7, "body": "<h1>What is Lorem Ipsum?</h1>\n<hr>\nLorem Ipsum is simply dummy text of the printing and typesetting industry. Lorem Ipsum has been the industry's standard dummy text ever since the 1500s, when an unknown printer took a galley of type and scrambled it to make a type specimen book. It has survived not only five centuries, but also the leap into electronic typesetting, remaining essentially unchanged. It was popularised in the 1960s with the release of Letraset she", "created": "2021-12-09T10:39:56.597Z", "updated": "2021-12-09T10:39:56.597Z", "active": true}}, {"model": "posts.post", "pk": 7, "fields": {"profile": 7, "body": "<h1>Where does it come from?</h1>\n<hr>\nContrary to popular belief, Lorem Ipsum is not simply random text. It has roots in a piece of classical Latin literature from 45 BC, making it over 2000 years old. Richard McClintock, a Latin professor at Hampden-Sydney College in Virginia, looked up one of the more obscure Latin words, consectetur, from a Lorem Ipsum passage, and going through the cites of the word in classical literature, discovered the undoubtable source. Lorem Ipsum comes from sections 1.10.32 and 1.10.33 of \"de Finibus Bonorum et Malorum\" (The Extremes of Good and Evil) by Cicero, written in 45 BC. This book is a treatise on the theory of ethics, very popular during the Renaissance. The first line of Lorem Ipsum, \"Lorem ipsum dolor sit amet..\", comes from a line in section 1.10.32.", "created": "2021-12-09T10:40:26.619Z", "updated": "2021-12-09T10:40:26.619Z", "active": true}}, {"model": "posts.post", "pk": 8, "fields": {"profile": 11, "body": "<h2>Nereden Gelir?</h2>\n\nYaygın inancın tersine, Lorem Ipsum rastgele sözcüklerden oluşmaz. Kökleri M.Ö. 45 tarihinden bu yana klasik Latin edebiyatına kadar uzanan 2000 yıllık bir geçmişi vardır. Virginia'daki Hampden-Sydney College'dan Latince profesörü Richard McClintock, bir Lorem Ipsum pasajında geçen ve anlaşılması en güç sözcüklerden biri olan 'consectetur' sözcüğünün klasik edebiyattaki örneklerini incelediğinde kesin bir kaynağa ulaşmıştır. Lorm Ipsum, Çiçero tarafından M.Ö. 45 tarihinde kaleme alınan \"de Finibus Bonorum et Malorum\" (İyi ve Kötünün Uç Sınırları) eserinin 1.10.32 ve 1.10.33 sayılı bölümlerinden gelmektedir. Bu kitap, ahlak kuramı üzerine bir tezdir ve Rönesans döneminde çok popüler olmuştur. Lorem Ipsum pasajının ilk satırı olan \"Lorem ipsum dolor sit amet\" 1.10.32 sayılı bölümdeki bir satırdan gelmektedir.\n\n1500'lerden beri kullanılmakta olan standard Lorem Ipsum metinleri ilgilenenler için yeniden üretilmiştir. Çiçero tarafından yazılan 1.10.32 ve 1.10.33 bölümleri de 1914 H. Rackham çevirisinden alınan İngilizce sürümleri eşliğinde özgün biçiminden yeniden üretilmiştir.", "created": "2021-12-09T10:48:14.193Z", "updated": "2021-12-09T10:48:14.193Z", "active": true}}, {"model": "posts.post", "pk": 9, "fields": {"profile": 11, "body": "Lorem ipsum dolor sit amet, consectetur adipiscing elit. Mauris pharetra, risus non consectetur bibendum, enim risus placerat dolor, ut fermentum orci mi consequat justo. In bibendum laoreet facilisis. Aliquam elementum urna vulputate, aliquet velit quis, ultrices lacus. Morbi eu suscipit libero. Phasellus feugiat volutpat diam imperdiet semper. Suspendisse malesuada a nisi sed porttitor. Aliquam id nisl est. Aenean non sem accumsan ligula scelerisque sollicitudin. Mauris imperdiet accumsan leo at egestas. Fusce vitae augue sed ipsum dapibus volutpat. Proin ac ultrices justo. In porttitor vestibulum lacus ut mollis.\n\nQuisque dapibus gravida neque vitae faucibus. In at consequat justo, vitae ullamcorper nibh. In dictum purus at sapien tincidunt, vitae gravida risus efficitur. Phasellus eleifend vulputate justo, sed vulputate ex sodales pellentesque. Orci varius natoque penatibus et magnis dis parturient montes, nascetur ridiculus mus. Fusce in posuere massa. Praesent facilisis mattis nunc, at vehicula turpis. Curabitur tempor in nulla non convallis. Sed quam mauris, sollicitudin faucibus neque nec, commodo eleifend nulla. Sed venenatis, metus dictum semper maximus, dolor erat volutpat ipsum, in molestie eros mi eget lacus. Quisque ut diam id erat rutrum pretium non eget nisl. Suspendisse sollicitudin lectus vitae dictum aliquam.", "created": "2021-12-09T10:48:28.646Z", "updated": "2021-12-09T10:48:28.646Z", "active": true}}, {"model": "posts.post", "pk": 10, "fields": {"profile": 10, "body": "<h2>\"Ubi amor, ibi dolor.\"</h2>\n<p>\n\"Where there's love, there's pain.\" If you've ever been in love, you already know that this is true.</p>", "created": "2021-12-09T10:56:02.206Z", "updated": "2021-12-09T10:56:02.206Z", "active": true}}, {"model": "posts.post", "pk": 11, "fields": {"profile": 10, "body": "Aliquam a velit porta, vehicula lorem sit amet, porttitor lorem. Quisque ultrices erat ac lorem tristique, nec tempus libero rutrum. Suspendisse bibendum neque nulla, ut consectetur nulla placerat eget. Quisque blandit massa a felis eleifend, condimentum varius nulla fringilla. Integer urna justo, scelerisque malesuada gravida id, laoreet ac ex. Duis et neque vel quam semper ornare id ac purus. Aliquam erat volutpat. Pellentesque dui lorem, placerat eu tincidunt dictum, lobortis a nisl. Donec ullamcorper velit lorem. Suspendisse potenti. Cras diam ante, molestie et sapien eu, pulvinar molestie magna. Suspendisse id ipsum eu mi tristique aliquet sed non metus. Suspendisse luctus metus ut ante rhoncus faucibus. Aliquam dui lacus, elementum pellentesque luctus quis, efficitur quis erat. Sed rhoncus consectetur nisl, id convallis ipsum lacinia quis.", "created": "2021-12-09T10:56:12.640Z", "updated": "2021-12-09T10:56:12.641Z", "active": true}}, {"model": "posts.post", "pk": 12, "fields": {"profile": 9, "body": "John Fitzgerald Kennedy (May 29, 1917 – November 22, 1963), often referred to by his initials JFK, was an American politician who served as the 35th president of the United States from 1961 until his assassination near the end of his third year in office. Kennedy served at the height of the Cold War, and the majority of his work as president concerned relations with the Soviet Union and Cuba. A Democrat, Kennedy represented Massachusetts in both houses of the U.S. Congress prior to his presidency.\n\nBorn into the prominent Kennedy family in Brookline, Massachusetts, Kennedy graduated from Harvard University in 1940 before joining the U.S. Naval Reserve the following year. During World War II, he commanded a series of PT boats in the Pacific theater. Kennedy's survival of the sinking of PT-109 and rescue of his fellow sailors made him a war hero for which he earned the Navy and Marine Corps Medal, but left him with serious injuries. After a brief stint in journalism, Kennedy represented a working-class Boston district in the U.S. House of Representatives from 1947 to 1953. He was subsequently elected to the U.S. Senate and served as the junior senator for Massachusetts from 1953 to 1960. While in the Senate, Kennedy published his book, Profiles in Courage, which won a Pulitzer Prize. In the 1960 presidential election, he narrowly defeated Republican opponent Richard Nixon, who was the incumbent vice president. Kennedy's humor, charm, and youth in addition to his father's money and contacts were great assets in the campaign. Kennedy's campaign gained momentum after the first televised presidential debates in American history. Kennedy was the first Catholic elected president.", "created": "2021-12-09T11:00:14.483Z", "updated": "2021-12-09T11:00:14.483Z", "active": true}}, {"model": "friendship.friends", "pk": 3, "fields": {"user1": 7, "user2": 8, "created": "2021-12-09T10:42:12.787Z"}}, {"model": "friendship.friends", "pk": 4, "fields": {"user1": 8, "user2": 7, "created": "2021-12-09T10:42:12.793Z"}}, {"model": "friendship.friends", "pk": 5, "fields": {"user1": 11, "user2": 8, "created": "2021-12-09T10:50:57.216Z"}}, {"model": "friendship.friends", "pk": 6, "fields": {"user1": 8, "user2": 11, "created": "2021-12-09T10:50:57.220Z"}}, {"model": "friendship.friends", "pk": 7, "fields": {"user1": 10, "user2": 8, "created": "2021-12-09T10:54:01.149Z"}}, {"model": "friendship.friends", "pk": 8, "fields": {"user1": 8, "user2": 10, "created": "2021-12-09T10:54:01.152Z"}}, {"model": "friendship.friends", "pk": 9, "fields": {"user1": 10, "user2": 11, "created": "2021-12-09T10:54:34.867Z"}}, {"model": "friendship.friends", "pk": 10, "fields": {"user1": 11, "user2": 10, "created": "2021-12-09T10:54:34.871Z"}}, {"model": "friendship.friends", "pk": 11, "fields": {"user1": 9, "user2": 8, "created": "2021-12-09T10:59:02.126Z"}}, {"model": "friendship.friends", "pk": 12, "fields": {"user1": 8, "user2": 9, "created": "2021-12-09T10:59:02.131Z"}}, {"model": "friendship.friendshiprequest", "pk": 4, "fields": {"user_from": 7, "user_to": 8, "created": "2021-12-09T10:41:53.897Z", "accepted": true}}, {"model": "friendship.friendshiprequest", "pk": 5, "fields": {"user_from": 11, "user_to": 8, "created": "2021-12-09T10:49:55.080Z", "accepted": true}}, {"model": "friendship.friendshiprequest", "pk": 6, "fields": {"user_from": 10, "user_to": 8, "created": "2021-12-09T10:53:16.204Z", "accepted": true}}, {"model": "friendship.friendshiprequest", "pk": 7, "fields": {"user_from": 10, "user_to": 11, "created": "2021-12-09T10:54:19.129Z", "accepted": true}}, {"model": "friendship.friendshiprequest", "pk": 8, "fields": {"user_from": 10, "user_to": 9, "created": "2021-12-09T10:57:02.578Z", "accepted": false}}, {"model": "friendship.friendshiprequest", "pk": 9, "fields": {"user_from": 9, "user_to": 8, "created": "2021-12-09T10:58:44.514Z", "accepted": true}}, {"model": "friendship.friendshiprequest", "pk": 10, "fields": {"user_from": 9, "user_to": 7, "created": "2021-12-09T11:01:37.612Z", "accepted": false}}, {"model": "chats.chat", "pk": 12, "fields": {"created_at": "2021-12-09T11:03:08.192Z", "updated_at": "2021-12-09T11:06:04.656Z", "members": [8, 9]}}, {"model": "chats.chat", "pk": 13, "fields": {"created_at": "2021-12-09T11:03:30.668Z", "updated_at": "2021-12-09T11:07:52.084Z", "members": [8, 10]}}, {"model": "chats.chat", "pk": 14, "fields": {"created_at": "2021-12-09T11:03:40.681Z", "updated_at": "2021-12-09T11:07:11.909Z", "members": [7, 8]}}, {"model": "chats.chat", "pk": 15, "fields": {"created_at": "2021-12-09T11:03:44.788Z", "updated_at": "2021-12-09T11:09:12.012Z", "members": [8, 11]}}, {"model": "chats.message", "pk": 78, "fields": {"author": 8, "recipient": 9, "chat": 12, "created_at": "2021-12-09T11:04:30.906Z", "body": "Hello bro , nice to meet you =)"}}, {"model": "chats.message", "pk": 79, "fields": {"author": 9, "recipient": 8, "chat": 12, "created_at": "2021-12-09T11:06:04.652Z", "body": "Hi , nice to meet you too my darling . How are you?"}}, {"model": "chats.message", "pk": 80, "fields": {"author": 8, "recipient": 7, "chat": 14, "created_at": "2021-12-09T11:07:11.908Z", "body": "Hello bro , nice to meet you =) Can i help you in your team ?"}}, {"model": "chats.message", "pk": 81, "fields": {"author": 10, "recipient": 8, "chat": 13, "created_at": "2021-12-09T11:07:52.083Z", "body": "Hi man , you are so sweet !"}}, {"model": "chats.message", "pk": 82, "fields": {"author": 8, "recipient": 11, "chat": 15, "created_at": "2021-12-09T11:08:24.348Z", "body": "Hi darling , i miss you ...."}}, {"model": "chats.message", "pk": 83, "fields": {"author": 8, "recipient": 11, "chat": 15, "created_at": "2021-12-09T11:09:12.008Z", "body": "Please call me"}}, {"model": "admin.logentry", "pk": 1, "fields": {"action_time": "2021-11-25T09:05:32.702Z", "user": 1, "content_type": 14, "object_id": "1", "object_repr": "1", "action_flag": 1, "change_message": "[{\"added\": {}}]"}}, {"model": "admin.logentry", "pk": 2, "fields": {"action_time": "2021-11-25T09:05:35.903Z", "user": 1, "content_type": 14, "object_id": "1", "object_repr": "1", "action_flag": 2, "change_message": "[]"}}, {"model": "admin.logentry", "pk": 3, "fields": {"action_time": "2021-11-25T09:06:09.780Z", "user": 1, "content_type": 13, "object_id": "1", "object_repr": "1", "action_flag": 1, "change_message": "[{\"added\": {}}]"}}, {"model": "admin.logentry", "pk": 4, "fields": {"action_time": "2021-11-25T10:38:01.803Z", "user": 1, "content_type": 14, "object_id": "1", "object_repr": "1", "action_flag": 3, "change_message": ""}}, {"model": "admin.logentry", "pk": 5, "fields": {"action_time": "2021-11-25T10:38:11.545Z", "user": 1, "content_type": 14, "object_id": "2", "object_repr": "2", "action_flag": 1, "change_message": "[{\"added\": {}}]"}}, {"model": "admin.logentry", "pk": 6, "fields": {"action_time": "2021-11-25T10:38:15.688Z", "user": 1, "content_type": 14, "object_id": "3", "object_repr": "3", "action_flag": 1, "change_message": "[{\"added\": {}}]"}}, {"model": "admin.logentry", "pk": 7, "fields": {"action_time": "2021-11-25T10:38:26.042Z", "user": 1, "content_type": 14, "object_id": "3", "object_repr": "3", "action_flag": 3, "change_message": ""}}, {"model": "admin.logentry", "pk": 8, "fields": {"action_time": "2021-11-25T10:38:37.891Z", "user": 1, "content_type": 14, "object_id": "4", "object_repr": "4", "action_flag": 1, "change_message": "[{\"added\": {}}]"}}, {"model": "admin.logentry", "pk": 9, "fields": {"action_time": "2021-11-25T10:38:42.853Z", "user": 1, "content_type": 14, "object_id": "5", "object_repr": "5", "action_flag": 1, "change_message": "[{\"added\": {}}]"}}, {"model": "admin.logentry", "pk": 10, "fields": {"action_time": "2021-11-25T10:38:46.905Z", "user": 1, "content_type": 14, "object_id": "6", "object_repr": "6", "action_flag": 1, "change_message": "[{\"added\": {}}]"}}, {"model": "admin.logentry", "pk": 11, "fields": {"action_time": "2021-11-25T10:39:20.564Z", "user": 1, "content_type": 13, "object_id": "2", "object_repr": "2", "action_flag": 1, "change_message": "[{\"added\": {}}]"}}, {"model": "admin.logentry", "pk": 12, "fields": {"action_time": "2021-11-25T10:39:44.308Z", "user": 1, "content_type": 13, "object_id": "3", "object_repr": "3", "action_flag": 1, "change_message": "[{\"added\": {}}]"}}, {"model": "admin.logentry", "pk": 13, "fields": {"action_time": "2021-11-25T10:40:28.861Z", "user": 1, "content_type": 13, "object_id": "4", "object_repr": "4", "action_flag": 1, "change_message": "[{\"added\": {}}]"}}, {"model": "admin.logentry", "pk": 14, "fields": {"action_time": "2021-11-25T10:55:33.024Z", "user": 1, "content_type": 13, "object_id": "5", "object_repr": "5", "action_flag": 1, "change_message": "[{\"added\": {}}]"}}, {"model": "admin.logentry", "pk": 15, "fields": {"action_time": "2021-11-25T11:06:17.081Z", "user": 1, "content_type": 13, "object_id": "6", "object_repr": "6", "action_flag": 1, "change_message": "[{\"added\": {}}]"}}, {"model": "admin.logentry", "pk": 16, "fields": {"action_time": "2021-11-25T11:09:43.372Z", "user": 1, "content_type": 13, "object_id": "7", "object_repr": "7", "action_flag": 1, "change_message": "[{\"added\": {}}]"}}, {"model": "admin.logentry", "pk": 17, "fields": {"action_time": "2021-11-25T11:20:23.625Z", "user": 1, "content_type": 13, "object_id": "8", "object_repr": "8", "action_flag": 1, "change_message": "[{\"added\": {}}]"}}, {"model": "admin.logentry", "pk": 18, "fields": {"action_time": "2021-11-25T11:21:37.821Z", "user": 1, "content_type": 13, "object_id": "9", "object_repr": "9", "action_flag": 1, "change_message": "[{\"added\": {}}]"}}, {"model": "admin.logentry", "pk": 19, "fields": {"action_time": "2021-11-25T11:23:36.336Z", "user": 1, "content_type": 13, "object_id": "10", "object_repr": "10", "action_flag": 1, "change_message": "[{\"added\": {}}]"}}, {"model": "admin.logentry", "pk": 20, "fields": {"action_time": "2021-11-25T11:26:02.582Z", "user": 1, "content_type": 13, "object_id": "11", "object_repr": "11", "action_flag": 1, "change_message": "[{\"added\": {}}]"}}, {"model": "admin.logentry", "pk": 21, "fields": {"action_time": "2021-11-25T11:26:45.566Z", "user": 1, "content_type": 13, "object_id": "12", "object_repr": "12", "action_flag": 1, "change_message": "[{\"added\": {}}]"}}, {"model": "admin.logentry", "pk": 22, "fields": {"action_time": "2021-11-25T11:27:13.472Z", "user": 1, "content_type": 14, "object_id": "6", "object_repr": "6", "action_flag": 3, "change_message": ""}}, {"model": "admin.logentry", "pk": 23, "fields": {"action_time": "2021-11-25T11:27:13.477Z", "user": 1, "content_type": 14, "object_id": "5", "object_repr": "5", "action_flag": 3, "change_message": ""}}, {"model": "admin.logentry", "pk": 24, "fields": {"action_time": "2021-11-25T11:27:13.481Z", "user": 1, "content_type": 14, "object_id": "4", "object_repr": "4", "action_flag": 3, "change_message": ""}}, {"model": "admin.logentry", "pk": 25, "fields": {"action_time": "2021-11-25T11:27:13.485Z", "user": 1, "content_type": 14, "object_id": "2", "object_repr": "2", "action_flag": 3, "change_message": ""}}, {"model": "admin.logentry", "pk": 26, "fields": {"action_time": "2021-11-25T11:27:22.624Z", "user": 1, "content_type": 14, "object_id": "7", "object_repr": "7", "action_flag": 1, "change_message": "[{\"added\": {}}]"}}, {"model": "admin.logentry", "pk": 27, "fields": {"action_time": "2021-11-25T11:27:36.957Z", "user": 1, "content_type": 13, "object_id": "13", "object_repr": "13", "action_flag": 1, "change_message": "[{\"added\": {}}]"}}, {"model": "admin.logentry", "pk": 28, "fields": {"action_time": "2021-11-25T11:29:15.017Z", "user": 1, "content_type": 14, "object_id": "8", "object_repr": "8", "action_flag": 1, "change_message": "[{\"added\": {}}]"}}, {"model": "admin.logentry", "pk": 29, "fields": {"action_time": "2021-11-25T11:29:58.371Z", "user": 1, "content_type": 13, "object_id": "14", "object_repr": "14", "action_flag": 1, "change_message": "[{\"added\": {}}]"}}, {"model": "admin.logentry", "pk": 30, "fields": {"action_time": "2021-11-25T11:30:43.067Z", "user": 1, "content_type": 14, "object_id": "8", "object_repr": "8", "action_flag": 3, "change_message": ""}}, {"model": "admin.logentry", "pk": 31, "fields": {"action_time": "2021-11-25T11:30:43.070Z", "user": 1, "content_type": 14, "object_id": "7", "object_repr": "7", "action_flag": 3, "change_message": ""}}, {"model": "admin.logentry", "pk": 32, "fields": {"action_time": "2021-11-25T11:30:47.374Z", "user": 1, "content_type": 14, "object_id": "9", "object_repr": "9", "action_flag": 1, "change_message": "[{\"added\": {}}]"}}, {"model": "admin.logentry", "pk": 33, "fields": {"action_time": "2021-11-25T11:30:54.388Z", "user": 1, "content_type": 14, "object_id": "10", "object_repr": "10", "action_flag": 1, "change_message": "[{\"added\": {}}]"}}, {"model": "admin.logentry", "pk": 34, "fields": {"action_time": "2021-11-25T11:30:58.261Z", "user": 1, "content_type": 14, "object_id": "11", "object_repr": "11", "action_flag": 1, "change_message": "[{\"added\": {}}]"}}, {"model": "admin.logentry", "pk": 35, "fields": {"action_time": "2021-11-25T11:31:28.357Z", "user": 1, "content_type": 13, "object_id": "15", "object_repr": "15", "action_flag": 1, "change_message": "[{\"added\": {}}]"}}, {"model": "admin.logentry", "pk": 36, "fields": {"action_time": "2021-11-25T11:34:15.605Z", "user": 1, "content_type": 13, "object_id": "16", "object_repr": "16", "action_flag": 1, "change_message": "[{\"added\": {}}]"}}, {"model": "admin.logentry", "pk": 37, "fields": {"action_time": "2021-11-25T11:35:43.254Z", "user": 1, "content_type": 13, "object_id": "17", "object_repr": "17", "action_flag": 1, "change_message": "[{\"added\": {}}]"}}, {"model": "admin.logentry", "pk": 38, "fields": {"action_time": "2021-11-25T11:37:00.064Z", "user": 1, "content_type": 13, "object_id": "18", "object_repr": "18", "action_flag": 1, "change_message": "[{\"added\": {}}]"}}, {"model": "admin.logentry", "pk": 39, "fields": {"action_time": "2021-11-25T11:37:43.354Z", "user": 1, "content_type": 13, "object_id": "19", "object_repr": "19", "action_flag": 1, "change_message": "[{\"added\": {}}]"}}, {"model": "admin.logentry", "pk": 40, "fields": {"action_time": "2021-11-25T11:38:40.203Z", "user": 1, "content_type": 13, "object_id": "20", "object_repr": "20", "action_flag": 1, "change_message": "[{\"added\": {}}]"}}, {"model": "admin.logentry", "pk": 41, "fields": {"action_time": "2021-11-25T11:39:43.576Z", "user": 1, "content_type": 13, "object_id": "21", "object_repr": "21", "action_flag": 1, "change_message": "[{\"added\": {}}]"}}, {"model": "admin.logentry", "pk": 42, "fields": {"action_time": "2021-11-25T11:41:24.125Z", "user": 1, "content_type": 13, "object_id": "22", "object_repr": "22", "action_flag": 1, "change_message": "[{\"added\": {}}]"}}, {"model": "admin.logentry", "pk": 43, "fields": {"action_time": "2021-11-25T11:44:06.552Z", "user": 1, "content_type": 13, "object_id": "23", "object_repr": "23", "action_flag": 1, "change_message": "[{\"added\": {}}]"}}, {"model": "admin.logentry", "pk": 44, "fields": {"action_time": "2021-12-08T07:25:32.931Z", "user": 1, "content_type": 1, "object_id": "6", "object_repr": "ilkin", "action_flag": 3, "change_message": ""}}, {"model": "admin.logentry", "pk": 45, "fields": {"action_time": "2021-12-08T07:25:32.935Z", "user": 1, "content_type": 1, "object_id": "5", "object_repr": "mezahir", "action_flag": 3, "change_message": ""}}, {"model": "admin.logentry", "pk": 46, "fields": {"action_time": "2021-12-08T07:25:32.939Z", "user": 1, "content_type": 1, "object_id": "4", "object_repr": "orxan", "action_flag": 3, "change_message": ""}}, {"model": "admin.logentry", "pk": 47, "fields": {"action_time": "2021-12-08T07:25:32.942Z", "user": 1, "content_type": 1, "object_id": "3", "object_repr": "rubabe", "action_flag": 3, "change_message": ""}}, {"model": "admin.logentry", "pk": 48, "fields": {"action_time": "2021-12-08T07:25:32.946Z", "user": 1, "content_type": 1, "object_id": "2", "object_repr": "imran", "action_flag": 3, "change_message": ""}}, {"model": "admin.logentry", "pk": 49, "fields": {"action_time": "2021-12-08T07:25:39.518Z", "user": 1, "content_type": 14, "object_id": "11", "object_repr": "11", "action_flag": 3, "change_message": ""}}, {"model": "admin.logentry", "pk": 50, "fields": {"action_time": "2021-12-08T07:25:39.522Z", "user": 1, "content_type": 14, "object_id": "10", "object_repr": "10", "action_flag": 3, "change_message": ""}}, {"model": "admin.logentry", "pk": 51, "fields": {"action_time": "2021-12-08T07:25:39.526Z", "user": 1, "content_type": 14, "object_id": "9", "object_repr": "9", "action_flag": 3, "change_message": ""}}, {"model": "admin.logentry", "pk": 52, "fields": {"action_time": "2021-12-08T07:29:42.997Z", "user": 1, "content_type": 9, "object_id": "6", "object_repr": "ilkin", "action_flag": 3, "change_message": ""}}, {"model": "admin.logentry", "pk": 53, "fields": {"action_time": "2021-12-08T07:29:43.002Z", "user": 1, "content_type": 9, "object_id": "2", "object_repr": "imran", "action_flag": 3, "change_message": ""}}, {"model": "admin.logentry", "pk": 54, "fields": {"action_time": "2021-12-08T07:29:43.007Z", "user": 1, "content_type": 9, "object_id": "5", "object_repr": "mezahir", "action_flag": 3, "change_message": ""}}, {"model": "admin.logentry", "pk": 55, "fields": {"action_time": "2021-12-08T07:29:43.011Z", "user": 1, "content_type": 9, "object_id": "4", "object_repr": "orxan", "action_flag": 3, "change_message": ""}}, {"model": "admin.logentry", "pk": 56, "fields": {"action_time": "2021-12-08T07:29:43.015Z", "user": 1, "content_type": 9, "object_id": "3", "object_repr": "rubabe", "action_flag": 3, "change_message": ""}}, {"model": "admin.logentry", "pk": 57, "fields": {"action_time": "2021-12-09T11:03:08.195Z", "user": 1, "content_type": 14, "object_id": "12", "object_repr": "12", "action_flag": 1, "change_message": "[{\"added\": {}}]"}}, {"model": "admin.logentry", "pk": 58, "fields": {"action_time": "2021-12-09T11:03:30.671Z", "user": 1, "content_type": 14, "object_id": "13", "object_repr": "13", "action_flag": 1, "change_message": "[{\"added\": {}}]"}}, {"model": "admin.logentry", "pk": 59, "fields": {"action_time": "2021-12-09T11:03:40.684Z", "user": 1, "content_type": 14, "object_id": "14", "object_repr": "14", "action_flag": 1, "change_message": "[{\"added\": {}}]"}}, {"model": "admin.logentry", "pk": 60, "fields": {"action_time": "2021-12-09T11:03:44.792Z", "user": 1, "content_type": 14, "object_id": "15", "object_repr": "15", "action_flag": 1, "change_message": "[{\"added\": {}}]"}}, {"model": "admin.logentry", "pk": 61, "fields": {"action_time": "2021-12-09T11:04:30.908Z", "user": 1, "content_type": 13, "object_id": "78", "object_repr": "78", "action_flag": 1, "change_message": "[{\"added\": {}}]"}}, {"model": "admin.logentry", "pk": 62, "fields": {"action_time": "2021-12-09T11:07:11.910Z", "user": 1, "content_type": 13, "object_id": "80", "object_repr": "80", "action_flag": 1, "change_message": "[{\"added\": {}}]"}}, {"model": "admin.logentry", "pk": 63, "fields": {"action_time": "2021-12-09T11:07:52.085Z", "user": 1, "content_type": 13, "object_id": "81", "object_repr": "81", "action_flag": 1, "change_message": "[{\"added\": {}}]"}}, {"model": "admin.logentry", "pk": 64, "fields": {"action_time": "2021-12-09T11:08:24.349Z", "user": 1, "content_type": 13, "object_id": "82", "object_repr": "82", "action_flag": 1, "change_message": "[{\"added\": {}}]"}}, {"model": "auth.permission", "pk": 1, "fields": {"name": "Can add profile", "content_type": 1, "codename": "add_profile"}}, {"model": "auth.permission", "pk": 2, "fields": {"name": "Can change profile", "content_type": 1, "codename": "change_profile"}}, {"model": "auth.permission", "pk": 3, "fields": {"name": "Can delete profile", "content_type": 1, "codename": "delete_profile"}}, {"model": "auth.permission", "pk": 4, "fields": {"name": "Can view profile", "content_type": 1, "codename": "view_profile"}}, {"model": "auth.permission", "pk": 5, "fields": {"name": "Can add public status", "content_type": 2, "codename": "add_publicstatus"}}, {"model": "auth.permission", "pk": 6, "fields": {"name": "Can change public status", "content_type": 2, "codename": "change_publicstatus"}}, {"model": "auth.permission", "pk": 7, "fields": {"name": "Can delete public status", "content_type": 2, "codename": "delete_publicstatus"}}, {"model": "auth.permission", "pk": 8, "fields": {"name": "Can view public status", "content_type": 2, "codename": "view_publicstatus"}}, {"model": "auth.permission", "pk": 9, "fields": {"name": "Can add post", "content_type": 3, "codename": "add_post"}}, {"model": "auth.permission", "pk": 10, "fields": {"name": "Can change post", "content_type": 3, "codename": "change_post"}}, {"model": "auth.permission", "pk": 11, "fields": {"name": "Can delete post", "content_type": 3, "codename": "delete_post"}}, {"model": "auth.permission", "pk": 12, "fields": {"name": "Can view post", "content_type": 3, "codename": "view_post"}}, {"model": "auth.permission", "pk": 13, "fields": {"name": "Can add friendship request", "content_type": 4, "codename": "add_friendshiprequest"}}, {"model": "auth.permission", "pk": 14, "fields": {"name": "Can change friendship request", "content_type": 4, "codename": "change_friendshiprequest"}}, {"model": "auth.permission", "pk": 15, "fields": {"name": "Can delete friendship request", "content_type": 4, "codename": "delete_friendshiprequest"}}, {"model": "auth.permission", "pk": 16, "fields": {"name": "Can view friendship request", "content_type": 4, "codename": "view_friendshiprequest"}}, {"model": "auth.permission", "pk": 17, "fields": {"name": "Can add friends", "content_type": 5, "codename": "add_friends"}}, {"model": "auth.permission", "pk": 18, "fields": {"name": "Can change friends", "content_type": 5, "codename": "change_friends"}}, {"model": "auth.permission", "pk": 19, "fields": {"name": "Can delete friends", "content_type": 5, "codename": "delete_friends"}}, {"model": "auth.permission", "pk": 20, "fields": {"name": "Can view friends", "content_type": 5, "codename": "view_friends"}}, {"model": "auth.permission", "pk": 21, "fields": {"name": "Can add log entry", "content_type": 6, "codename": "add_logentry"}}, {"model": "auth.permission", "pk": 22, "fields": {"name": "Can change log entry", "content_type": 6, "codename": "change_logentry"}}, {"model": "auth.permission", "pk": 23, "fields": {"name": "Can delete log entry", "content_type": 6, "codename": "delete_logentry"}}, {"model": "auth.permission", "pk": 24, "fields": {"name": "Can view log entry", "content_type": 6, "codename": "view_logentry"}}, {"model": "auth.permission", "pk": 25, "fields": {"name": "Can add permission", "content_type": 7, "codename": "add_permission"}}, {"model": "auth.permission", "pk": 26, "fields": {"name": "Can change permission", "content_type": 7, "codename": "change_permission"}}, {"model": "auth.permission", "pk": 27, "fields": {"name": "Can delete permission", "content_type": 7, "codename": "delete_permission"}}, {"model": "auth.permission", "pk": 28, "fields": {"name": "Can view permission", "content_type": 7, "codename": "view_permission"}}, {"model": "auth.permission", "pk": 29, "fields": {"name": "Can add group", "content_type": 8, "codename": "add_group"}}, {"model": "auth.permission", "pk": 30, "fields": {"name": "Can change group", "content_type": 8, "codename": "change_group"}}, {"model": "auth.permission", "pk": 31, "fields": {"name": "Can delete group", "content_type": 8, "codename": "delete_group"}}, {"model": "auth.permission", "pk": 32, "fields": {"name": "Can view group", "content_type": 8, "codename": "view_group"}}, {"model": "auth.permission", "pk": 33, "fields": {"name": "Can add user", "content_type": 9, "codename": "add_user"}}, {"model": "auth.permission", "pk": 34, "fields": {"name": "Can change user", "content_type": 9, "codename": "change_user"}}, {"model": "auth.permission", "pk": 35, "fields": {"name": "Can delete user", "content_type": 9, "codename": "delete_user"}}, {"model": "auth.permission", "pk": 36, "fields": {"name": "Can view user", "content_type": 9, "codename": "view_user"}}, {"model": "auth.permission", "pk": 37, "fields": {"name": "Can add content type", "content_type": 10, "codename": "add_contenttype"}}, {"model": "auth.permission", "pk": 38, "fields": {"name": "Can change content type", "content_type": 10, "codename": "change_contenttype"}}, {"model": "auth.permission", "pk": 39, "fields": {"name": "Can delete content type", "content_type": 10, "codename": "delete_contenttype"}}, {"model": "auth.permission", "pk": 40, "fields": {"name": "Can view content type", "content_type": 10, "codename": "view_contenttype"}}, {"model": "auth.permission", "pk": 41, "fields": {"name": "Can add session", "content_type": 11, "codename": "add_session"}}, {"model": "auth.permission", "pk": 42, "fields": {"name": "Can change session", "content_type": 11, "codename": "change_session"}}, {"model": "auth.permission", "pk": 43, "fields": {"name": "Can delete session", "content_type": 11, "codename": "delete_session"}}, {"model": "auth.permission", "pk": 44, "fields": {"name": "Can view session", "content_type": 11, "codename": "view_session"}}, {"model": "auth.permission", "pk": 45, "fields": {"name": "Can add kv store", "content_type": 12, "codename": "add_kvstore"}}, {"model": "auth.permission", "pk": 46, "fields": {"name": "Can change kv store", "content_type": 12, "codename": "change_kvstore"}}, {"model": "auth.permission", "pk": 47, "fields": {"name": "Can delete kv store", "content_type": 12, "codename": "delete_kvstore"}}, {"model": "auth.permission", "pk": 48, "fields": {"name": "Can view kv store", "content_type": 12, "codename": "view_kvstore"}}, {"model": "auth.permission", "pk": 49, "fields": {"name": "Can add message", "content_type": 13, "codename": "add_message"}}, {"model": "auth.permission", "pk": 50, "fields": {"name": "Can change message", "content_type": 13, "codename": "change_message"}}, {"model": "auth.permission", "pk": 51, "fields": {"name": "Can delete message", "content_type": 13, "codename": "delete_message"}}, {"model": "auth.permission", "pk": 52, "fields": {"name": "Can view message", "content_type": 13, "codename": "view_message"}}, {"model": "auth.permission", "pk": 53, "fields": {"name": "Can add chat", "content_type": 14, "codename": "add_chat"}}, {"model": "auth.permission", "pk": 54, "fields": {"name": "Can change chat", "content_type": 14, "codename": "change_chat"}}, {"model": "auth.permission", "pk": 55, "fields": {"name": "Can delete chat", "content_type": 14, "codename": "delete_chat"}}, {"model": "auth.permission", "pk": 56, "fields": {"name": "Can view chat", "content_type": 14, "codename": "view_chat"}}, {"model": "auth.user", "pk": 1, "fields": {"password": "pbkdf2_sha256$260000$A8ASYf8nZLCfrO7UcYJZeG$6rs1RZNnDs2dfwW4mnlY855JytjynsEwhsIXn/gkghA=", "last_login": "2021-12-09T11:02:57.256Z", "is_superuser": true, "username": "admin", "first_name": "", "last_name": "", "email": "", "is_staff": true, "is_active": true, "date_joined": "2021-11-25T08:58:02.639Z", "groups": [], "user_permissions": []}}, {"model": "auth.user", "pk": 7, "fields": {"password": "pbkdf2_sha256$260000$h6jUjjjYhLaw80sdlXqFjz$mCML6XSHKFMIWmoKWe75eFJk6DFGrQ3aX9Xo7eo7qBE=", "last_login": "2021-12-09T10:37:02.612Z", "is_superuser": false, "username": "John", "first_name": "John", "last_name": "Smith", "email": "john-smith@gmail.com", "is_staff": false, "is_active": true, "date_joined": "2021-12-08T07:35:13.379Z", "groups": [], "user_permissions": []}}, {"model": "auth.user", "pk": 8, "fields": {"password": "pbkdf2_sha256$260000$mMNfjz6YBPIRodsiig9vms$QFoXYhzeBtDuYNA5omNp841qBzvj+njgHM6f20Yr6Bg=", "last_login": "2021-12-09T11:08:39.087Z", "is_superuser": false, "username": "sam", "first_name": "Sam", "last_name": "Taylor", "email": "big_sam@gmail.com", "is_staff": false, "is_active": true, "date_joined": "2021-12-08T07:35:50.575Z", "groups": [], "user_permissions": []}}, {"model": "auth.user", "pk": 9, "fields": {"password": "pbkdf2_sha256$260000$Zu9Q5PfQ6TaLYF71g2bOxC$4l2xdjj1uf3o0yLB5t5vpPQsGiHLXOTtXgMJZsGTFLc=", "last_login": "2021-12-09T10:57:53.111Z", "is_superuser": false, "username": "kennedy", "first_name": "Frank", "last_name": "Kennedy", "email": "kennedy@gmail.com", "is_staff": false, "is_active": true, "date_joined": "2021-12-08T07:36:37.478Z", "groups": [], "user_permissions": []}}, {"model": "auth.user", "pk": 10, "fields": {"password": "pbkdf2_sha256$260000$4g69Zjs5eoagyEtnt7JPmY$FKydlBUFcruOBbv78rBL0Mqqf+U7KbGSL1/1wSSvxdA=", "last_login": "2021-12-09T10:52:35.645Z", "is_superuser": false, "username": "dayana", "first_name": "Dayana", "last_name": "Tixomirova", "email": "dayana@gmail.com", "is_staff": false, "is_active": true, "date_joined": "2021-12-08T07:37:51.176Z", "groups": [], "user_permissions": []}}, {"model": "auth.user", "pk": 11, "fields": {"password": "pbkdf2_sha256$260000$a99OW5eFMNo7wOvMkgzTAv$jWEQsbqAn8YY5B4j62QJLmgykKEftM23MUMUdmAiQt8=", "last_login": "2021-12-09T10:54:32.131Z", "is_superuser": false, "username": "jess", "first_name": "Jessika", "last_name": "Parker", "email": "jess@mail.ru", "is_staff": false, "is_active": true, "date_joined": "2021-12-08T07:38:41.426Z", "groups": [], "user_permissions": []}}, {"model": "contenttypes.contenttype", "pk": 1, "fields": {"app_label": "account", "model": "profile"}}, {"model": "contenttypes.contenttype", "pk": 2, "fields": {"app_label": "account", "model": "publicstatus"}}, {"model": "contenttypes.contenttype", "pk": 3, "fields": {"app_label": "posts", "model": "post"}}, {"model": "contenttypes.contenttype", "pk": 4, "fields": {"app_label": "friendship", "model": "friendshiprequest"}}, {"model": "contenttypes.contenttype", "pk": 5, "fields": {"app_label": "friendship", "model": "friends"}}, {"model": "contenttypes.contenttype", "pk": 6, "fields": {"app_label": "admin", "model": "logentry"}}, {"model": "contenttypes.contenttype", "pk": 7, "fields": {"app_label": "auth", "model": "permission"}}, {"model": "contenttypes.contenttype", "pk": 8, "fields": {"app_label": "auth", "model": "group"}}, {"model": "contenttypes.contenttype", "pk": 9, "fields": {"app_label": "auth", "model": "user"}}, {"model": "contenttypes.contenttype", "pk": 10, "fields": {"app_label": "contenttypes", "model": "contenttype"}}, {"model": "contenttypes.contenttype", "pk": 11, "fields": {"app_label": "sessions", "model": "session"}}, {"model": "contenttypes.contenttype", "pk": 12, "fields": {"app_label": "thumbnail", "model": "kvstore"}}, {"model": "contenttypes.contenttype", "pk": 13, "fields": {"app_label": "chats", "model": "message"}}, {"model": "contenttypes.contenttype", "pk": 14, "fields": {"app_label": "chats", "model": "chat"}}, {"model": "sessions.session", "pk": "51wexsvg0u8vgpk69gkdvb02esxuq5o8", "fields": {"session_data": ".eJxVjMEOwiAQRP-FsyHItrD16N1vIAsLUjWQlPZk_Hdp0oPOaTJvZt7C0bZmt7W4uJnFRYA4_WaewjOWHfCDyr3KUMu6zF7uFXnQJm-V4-t6dP8OMrXc1xQQgYETgOUJMBGy5rNS3amIkx2TCjGAsV2DCgnRa81GUyIzDiw-X-9ZOBc:1mtVcA:ESe34Fli9MXnYB67aNeth6STUsKPvupPGBhuJp_92Mk", "expire_date": "2021-12-18T14:02:10.342Z"}}, {"model": "sessions.session", "pk": "9i9ipgexmftzeepfom0nl2uvcb7vxruu", "fields": {"session_data": ".eJxVjDsOwjAQBe_iGln-yD9Kes5grXfXOIAcKU4qxN0hUgpo38y8l8iwrS1vg5c8kTiLKE6_WwF8cN8B3aHfZolzX5epyF2RBx3yOhM_L4f7d9BgtG-NwaJXCqInoyKFajRrTKSIyYSSgLmQqUmlxK5ajNoZtGCrYV81OfH-APozOJk:1mvHHz:ULaRC7AEUFTjdTy9HPRSLpiSfibE8Q-CDqh8AYhXdc8", "expire_date": "2021-12-23T11:08:39.093Z"}}, {"model": "sessions.session", "pk": "fzmm60v19f2odtxtvi2cr4t8l70xb0t3", "fields": {"session_data": ".eJxVjDsOwyAQBe9CHSE-hjUp0_sMCNglOIlAMnYV5e6xJRdJ-2bmvZkP21r81mnxM7IrU-zyu8WQnlQPgI9Q742nVtdljvxQ-Ek7nxrS63a6fwcl9LLXI6aE0gwxhyEYm2B0oA1aAc4akpoygHJZAFoVCYlAZyK3R6SUFJl9vvZkOK4:1mreGP:Q8KyW8qlki6bMbNQIkoIuXT83iwyxY5WdfO-NNS5zfE", "expire_date": "2021-12-13T10:52:01.672Z"}}, {"model": "sessions.session", "pk": "iarw8tcnsg1ffbj3328mqvi9u0hfpwru", "fields": {"session_data": ".eJxVjEEOwiAQRe_C2hBrgRlcuvcMZBgGqRpISrsy3l2bdKHb_977LxVoXUpYu8xhSuqsBnX43SLxQ-oG0p3qrWludZmnqDdF77Tra0vyvOzu30GhXr41DcgII2dBQGsAsxdL3mbCCBDJnZg4GrTOGmKM4kc5cjJ5REcWvHp_APUYOGA:1mtTK9:QUtjhLVZE-cizZIH_q6iaUc5ZQP67R--1yYDwoux2nw", "expire_date": "2021-12-18T11:35:25.801Z"}}, {"model": "sessions.session", "pk": "ivrpm1wntxqlrfahhnaludax3k8dhtbr", "fields": {"session_data": ".eJxVjEEOwiAQRe_C2hCdgQIu3XuGZhgGqRpISrsy3l2bdKHb_977LzXSupRx7TKPU1JndVKH3y0SP6RuIN2p3prmVpd5inpT9E67vrYkz8vu_h0U6uVbA9iYbSbwPgtFh4HhiIzAaGLwKD57ShAEs7MyWJOsYCBHEIZgOKv3B-4uOCA:1mvHCT:wLXB-4c9u1IgweVJUj3vVu9O6kWQ8wrJzKvNwqzy9Dc", "expire_date": "2021-12-23T11:02:57.262Z"}}, {"model": "sessions.session", "pk": "jnf0n1lqqfpdvw57vduf2n3qh9bxau4u", "fields": {"session_data": ".eJxVjEEOwiAQRe_C2hChMKUu3fcMZIYZpGpoUtqV8e7apAvd_vfef6mI21ri1mSJE6uL6tTpdyNMD6k74DvW26zTXNdlIr0r-qBNjzPL83q4fwcFW_nWlqTPma0MIVvjrXcM2QCJoUAhDwat94DCYgMAdWdI0ntG8M4E40C9P_hTN-I:1mqDzR:y5xZRXUkGoGbgeOUTCcthtu-dCVuAsad1vVk6CTXS2w", "expire_date": "2021-12-09T12:36:37.211Z"}}, {"model": "sessions.session", "pk": "nrq8k96swaph63uhs8r6dwhs0w0wzxza", "fields": {"session_data": ".eJxVjEEOwiAQRe_C2hCdgQIu3XuGZhgGqRpISrsy3l2bdKHb_977LzXSupRx7TKPU1JndVKH3y0SP6RuIN2p3prmVpd5inpT9E67vrYkz8vu_h0U6uVbA9iYbSbwPgtFh4HhiIzAaGLwKD57ShAEs7MyWJOsYCBHEIZgOKv3B-4uOCA:1mvGmu:dTYh3igXffvlJiMTpha4wTG69tlYiUVu3kwTyiuSsZk", "expire_date": "2021-12-23T10:36:32.473Z"}}, {"model": "sessions.session", "pk": "optj3pobuacso3g83g25rrjtrz8pk562", "fields": {"session_data": ".eJxVjMsOwiAQRf-FtSE8Rhhcuu83kOlApWogKe3K-O_apAvd3nPOfYlI21ri1vMS5yQuQovT7zYSP3LdQbpTvTXJra7LPMpdkQftcmgpP6-H-3dQqJdvrVwwihEyE9iJHWoHDJ7QntUIyMZPyhAlZVIAa32wGIwLSQfkzGjE-wPDKDbv:1mrb6u:AxoVPeoDWVLPIzlNJVY5Nwjjh0TcbKI-s8EOXi1cOuo", "expire_date": "2021-12-13T07:30:00.687Z"}}, {"model": "sessions.session", "pk": "pu41xjo26yrfe5oemsx62klaq4u5150q", "fields": {"session_data": ".eJxVjDsOwjAQBe_iGln-sMmakj5nsHbtDQ4gR4qTCnF3iJQC2jcz76UibWuJW5MlTlldlFOn340pPaTuIN-p3mad5rouE-td0QdtepizPK-H-3dQqJVv3TFAEiseA3rfCSM6QmHunRgGdBBGg270mULvbWDjwIM5gyUhBFDvD9V1Nx0:1mrdd8:Gly4_R4QWvu_F_-8J1ablFRdl-LamVh0O11fJiYvLVI", "expire_date": "2021-12-13T10:11:26.422Z"}}, {"model": "sessions.session", "pk": "pus260g9lhixpvfpo2atcw4yo4c0o2b2", "fields": {"session_data": ".eJxVjDsOwjAQBe_iGlmb9U-hpOcMlne9xgHkSHFSIe4OkVJA-2bmvVRM21rj1mWJU1Znher0u1Hih7Qd5Htqt1nz3NZlIr0r-qBdX-csz8vh_h3U1Ou3ZjKEhhEKQPGEwYg3YFzIAUs2rowwWLDZESAnYTsUL54ojSwe0ar3B9u2N98:1mqDBi:uwrMj5KgSiOeFCVMw_4ksYOHDBeXfVIiWu-TkWR6LHQ", "expire_date": "2021-12-09T11:45:14.299Z"}}, {"model": "sessions.session", "pk": "uv41kfvjp28jmn10dtrlc00ryh8m6ljo", "fields": {"session_data": ".eJxVzMEOwiAQBNB_4WwIpbQNHr37DWSX3ZWqgaS0p8Z_lyY96HXezOwqwLamsFVewkzqqqy6_GYI8cX5AHpCfhQdS16XGfVR0adWfS_E79vZ_TtIUFNbSy-Oxh5lsNZ2CBOwkd6JEDpEx80YhGD05KbBdGiNHzyK2MbAUX2-FFQ5cA:1mqDQn:9F5zgp2YoNgRp3m2wDEjufMwIwobG3MqRz5ar0_ycyU", "expire_date": "2021-12-09T12:00:49.456Z"}}, {"model": "thumbnail.kvstore", "pk": "sorl-thumbnail||image||039689de13e962a09ff4e2cc8c4d833f", "fields": {"value": "{\"name\": \"cache/5d/29/5d2992b7b197a94f9843ce7f4d7f46d5.jpg\", \"storage\": \"django.core.files.storage.FileSystemStorage\", \"size\": [300, 300]}"}}, {"model": "thumbnail.kvstore", "pk": "sorl-thumbnail||image||056efe4e9ad4ac0f208a186431369245", "fields": {"value": "{\"name\": \"cache/d2/bb/d2bb8da95c558d343d731fe720238a1b.jpg\", \"storage\": \"django.core.files.storage.FileSystemStorage\", \"size\": [50, 50]}"}}, {"model": "thumbnail.kvstore", "pk": "sorl-thumbnail||image||11f6bcafbc1b0d51977b6c339e22d16a", "fields": {"value": "{\"name\": \"users/sam/avatar/sam_4RkCp9P.jpg\", \"storage\": \"django.core.files.storage.FileSystemStorage\", \"size\": [420, 556]}"}}, {"model": "thumbnail.kvstore", "pk": "sorl-thumbnail||image||19b6249fd1c82bd769cb92ecdff1b62f", "fields": {"value": "{\"name\": \"cache/90/87/9087fd29ee6fc13ac85456b0c9937e46.jpg\", \"storage\": \"django.core.files.storage.FileSystemStorage\", \"size\": [50, 50]}"}}, {"model": "thumbnail.kvstore", "pk": "sorl-thumbnail||image||1a385d3668a9fb2b9415ea7f5a7ae321", "fields": {"value": "{\"name\": \"cache/ec/1e/ec1e33ce6adfdace487b0bcc70f4fa06.jpg\", \"storage\": \"django.core.files.storage.FileSystemStorage\", \"size\": [50, 50]}"}}, {"model": "thumbnail.kvstore", "pk": "sorl-thumbnail||image||23c83f3e902a0603ddb7e38fa9534f45", "fields": {"value": "{\"name\": \"cache/59/c7/59c7d2bc9c5a8551174a136a38a3d7c7.jpg\", \"storage\": \"django.core.files.storage.FileSystemStorage\", \"size\": [300, 300]}"}}, {"model": "thumbnail.kvstore", "pk": "sorl-thumbnail||image||23d8fb18c8bc8d9c22e7466608c7599a", "fields": {"value": "{\"name\": \"users/imran/avatar/wp1908575.jpg\", \"storage\": \"django.core.files.storage.FileSystemStorage\", \"size\": [1600, 1200]}"}}, {"model": "thumbnail.kvstore", "pk": "sorl-thumbnail||image||25f9a5b34fad2f9ee5e69aff16de31da", "fields": {"value": "{\"name\": \"users/dayana/avatar/dayana.jpg\", \"storage\": \"django.core.files.storage.FileSystemStorage\", \"size\": [2121, 1414]}"}}, {"model": "thumbnail.kvstore", "pk": "sorl-thumbnail||image||303750ef79082d8d4e16a0260af3456c", "fields": {"value": "{\"name\": \"cache/1b/cb/1bcb63608da9fefb5718bc1d473cc574.jpg\", \"storage\": \"django.core.files.storage.FileSystemStorage\", \"size\": [50, 50]}"}}, {"model": "thumbnail.kvstore", "pk": "sorl-thumbnail||image||308f0fc955ccb33bb17e0bd31e89f74f", "fields": {"value": "{\"name\": \"cache/d6/ff/d6ff953e4c798a4d14e7e42203776bd9.jpg\", \"storage\": \"django.core.files.storage.FileSystemStorage\", \"size\": [300, 300]}"}}, {"model": "thumbnail.kvstore", "pk": "sorl-thumbnail||image||3a4c2cbc8df8e74257e7e431256ebb38", "fields": {"value": "{\"name\": \"cache/5d/3a/5d3a23289dadcad7a2678c8b8b5bcd4b.jpg\", \"storage\": \"django.core.files.storage.FileSystemStorage\", \"size\": [300, 300]}"}}, {"model": "thumbnail.kvstore", "pk": "sorl-thumbnail||image||3ec4cc600fad3ebf10e659a1e71c27a4", "fields": {"value": "{\"name\": \"cache/3b/20/3b20dd04be2efa8cc3e29b2f7465a4e0.jpg\", \"storage\": \"django.core.files.storage.FileSystemStorage\", \"size\": [300, 300]}"}}, {"model": "thumbnail.kvstore", "pk": "sorl-thumbnail||image||42e012791fef19f8f1a493cf9c369dc8", "fields": {"value": "{\"name\": \"cache/fe/79/fe79c0d6ea4f954da963f4c2980c8159.jpg\", \"storage\": \"django.core.files.storage.FileSystemStorage\", \"size\": [300, 300]}"}}, {"model": "thumbnail.kvstore", "pk": "sorl-thumbnail||image||4b8feca3c65d1ecbf005424bc5335dad", "fields": {"value": "{\"name\": \"cache/77/a6/77a6ec1f4c8e3980bed6efecb6d6dba5.jpg\", \"storage\": \"django.core.files.storage.FileSystemStorage\", \"size\": [300, 300]}"}}, {"model": "thumbnail.kvstore", "pk": "sorl-thumbnail||image||5c100ba9d6ecc9f676e7b0b9e1014fb1", "fields": {"value": "{\"name\": \"users/rubabe/avatar/37_tain_velikih_kartin_33.jpg\", \"storage\": \"django.core.files.storage.FileSystemStorage\", \"size\": [900, 705]}"}}, {"model": "thumbnail.kvstore", "pk": "sorl-thumbnail||image||604d012ef5ddbe308dfc75f729da6989", "fields": {"value": "{\"name\": \"cache/1a/9b/1a9b21e68a5d4a844b56ac83b242e7b9.jpg\", \"storage\": \"django.core.files.storage.FileSystemStorage\", \"size\": [50, 50]}"}}, {"model": "thumbnail.kvstore", "pk": "sorl-thumbnail||image||62225c1745482d8b38761cef41240071", "fields": {"value": "{\"name\": \"cache/1a/8e/1a8e32334ff94d1fb677013e1de8d90b.jpg\", \"storage\": \"django.core.files.storage.FileSystemStorage\", \"size\": [300, 300]}"}}, {"model": "thumbnail.kvstore", "pk": "sorl-thumbnail||image||6dea751d7129cd860c2f4af36f271173", "fields": {"value": "{\"name\": \"cache/bd/54/bd546bd1c043b2224f084abddf4a6de0.jpg\", \"storage\": \"django.core.files.storage.FileSystemStorage\", \"size\": [300, 300]}"}}, {"model": "thumbnail.kvstore", "pk": "sorl-thumbnail||image||9e301e8ddec74af57132b60ea7309a73", "fields": {"value": "{\"name\": \"users/kennedy/avatar/frank.jpg\", \"storage\": \"django.core.files.storage.FileSystemStorage\", \"size\": [350, 500]}"}}, {"model": "thumbnail.kvstore", "pk": "sorl-thumbnail||image||a243ee74e30af4fc9d4540c2ffdda8a8", "fields": {"value": "{\"name\": \"cache/0d/f5/0df50d6621fea4341858552ddc5df42e.jpg\", \"storage\": \"django.core.files.storage.FileSystemStorage\", \"size\": [300, 300]}"}}, {"model": "thumbnail.kvstore", "pk": "sorl-thumbnail||image||a2c8e69f2ebd78aad35115f840731c99", "fields": {"value": "{\"name\": \"users/John/avatar/john.jpg\", \"storage\": \"django.core.files.storage.FileSystemStorage\", \"size\": [1152, 1152]}"}}, {"model": "thumbnail.kvstore", "pk": "sorl-thumbnail||image||bc08bd29da09df47bb3fa3dc167e1d17", "fields": {"value": "{\"name\": \"cache/a7/2c/a72c814dd11ec8f92afd5c9d8c0f8ba1.jpg\", \"storage\": \"django.core.files.storage.FileSystemStorage\", \"size\": [300, 300]}"}}, {"model": "thumbnail.kvstore", "pk": "sorl-thumbnail||image||c1a3978da02befd4f2ac4e3818e98698", "fields": {"value": "{\"name\": \"cache/1d/a3/1da39ccd4e295691acbc878005aa6de6.jpg\", \"storage\": \"django.core.files.storage.FileSystemStorage\", \"size\": [300, 300]}"}}, {"model": "thumbnail.kvstore", "pk": "sorl-thumbnail||image||c5df0aba7b271ef9024f4f445b2f8103", "fields": {"value": "{\"name\": \"cache/92/0e/920ec91c2020f8c6f47979f9211d2d25.jpg\", \"storage\": \"django.core.files.storage.FileSystemStorage\", \"size\": [300, 300]}"}}, {"model": "thumbnail.kvstore", "pk": "sorl-thumbnail||image||c86368e768b9e3164ae2ec82ddcf11b1", "fields": {"value": "{\"name\": \"cache/ee/03/ee031768abb1e845776a38b9b1d75dd8.jpg\", \"storage\": \"django.core.files.storage.FileSystemStorage\", \"size\": [300, 300]}"}}, {"model": "thumbnail.kvstore", "pk": "sorl-thumbnail||image||d242a8927d5af48725e32e832f1b0780", "fields": {"value": "{\"name\": \"cache/c2/0c/c20c7defcb978f27b03c55892b12f0f9.jpg\", \"storage\": \"django.core.files.storage.FileSystemStorage\", \"size\": [50, 50]}"}}, {"model": "thumbnail.kvstore", "pk": "sorl-thumbnail||image||d821d85d52dce5ab7610a3ab4b56c90d", "fields": {"value": "{\"name\": \"users/sam/avatar/sam.jpg\", \"storage\": \"django.core.files.storage.FileSystemStorage\", \"size\": [420, 556]}"}}, {"model": "thumbnail.kvstore", "pk": "sorl-thumbnail||image||def7957e21b7e8d4f57e85afb4f29b9d", "fields": {"value": "{\"name\": \"cache/8c/4f/8c4fcf5f40791984c68cb541865253d5.jpg\", \"storage\": \"django.core.files.storage.FileSystemStorage\", \"size\": [50, 50]}"}}, {"model": "thumbnail.kvstore", "pk": "sorl-thumbnail||image||e1354cd8b13b69ff00831c02f0d4f797", "fields": {"value": "{\"name\": \"users/jess/avatar/jessica.jpg\", \"storage\": \"django.core.files.storage.FileSystemStorage\", \"size\": [702, 497]}"}}, {"model": "thumbnail.kvstore", "pk": "sorl-thumbnail||image||fea8ad318b26b474b31244dbc3dfc7ad", "fields": {"value": "{\"name\": \"cache/b5/ce/b5ceb22b1368917e63ac894842ee6a1a.jpg\", \"storage\": \"django.core.files.storage.FileSystemStorage\", \"size\": [300, 300]}"}}, {"model": "thumbnail.kvstore", "pk": "sorl-thumbnail||thumbnails||11f6bcafbc1b0d51977b6c339e22d16a", "fields": {"value": "[\"4b8feca3c65d1ecbf005424bc5335dad\", \"c5df0aba7b271ef9024f4f445b2f8103\", \"1a385d3668a9fb2b9415ea7f5a7ae321\"]"}}, {"model": "thumbnail.kvstore", "pk": "sorl-thumbnail||thumbnails||23d8fb18c8bc8d9c22e7466608c7599a", "fields": {"value": "[\"d242a8927d5af48725e32e832f1b0780\", \"42e012791fef19f8f1a493cf9c369dc8\", \"c86368e768b9e3164ae2ec82ddcf11b1\"]"}}, {"model": "thumbnail.kvstore", "pk": "sorl-thumbnail||thumbnails||25f9a5b34fad2f9ee5e69aff16de31da", "fields": {"value": "[\"056efe4e9ad4ac0f208a186431369245\", \"23c83f3e902a0603ddb7e38fa9534f45\", \"fea8ad318b26b474b31244dbc3dfc7ad\"]"}}, {"model": "thumbnail.kvstore", "pk": "sorl-thumbnail||thumbnails||5c100ba9d6ecc9f676e7b0b9e1014fb1", "fields": {"value": "[\"308f0fc955ccb33bb17e0bd31e89f74f\", \"c1a3978da02befd4f2ac4e3818e98698\", \"19b6249fd1c82bd769cb92ecdff1b62f\"]"}}, {"model": "thumbnail.kvstore", "pk": "sorl-thumbnail||thumbnails||9e301e8ddec74af57132b60ea7309a73", "fields": {"value": "[\"3ec4cc600fad3ebf10e659a1e71c27a4\", \"a243ee74e30af4fc9d4540c2ffdda8a8\", \"def7957e21b7e8d4f57e85afb4f29b9d\"]"}}, {"model": "thumbnail.kvstore", "pk": "sorl-thumbnail||thumbnails||a2c8e69f2ebd78aad35115f840731c99", "fields": {"value": "[\"039689de13e962a09ff4e2cc8c4d833f\", \"303750ef79082d8d4e16a0260af3456c\", \"3a4c2cbc8df8e74257e7e431256ebb38\"]"}}, {"model": "thumbnail.kvstore", "pk": "sorl-thumbnail||thumbnails||d821d85d52dce5ab7610a3ab4b56c90d", "fields": {"value": "[\"6dea751d7129cd860c2f4af36f271173\"]"}}, {"model": "thumbnail.kvstore", "pk": "sorl-thumbnail||thumbnails||e1354cd8b13b69ff00831c02f0d4f797", "fields": {"value": "[\"604d012ef5ddbe308dfc75f729da6989\", \"bc08bd29da09df47bb3fa3dc167e1d17\", \"62225c1745482d8b38761cef41240071\"]"}}]